{
  "calibration_factor": 1.4875799854520617,
  "target_coverage": 0.9,
  "coverage_before_pct": 76.37749120750293,
  "coverage_after_pct": 90.00586166471278,
  "mean_sigma_before": 0.14629904260161208,
  "mean_sigma_after": 0.21763152766495664,
  "median_sigma_before": 0.1399298042783548,
  "median_sigma_after": 0.2081567762127049,
  "coverage_by_level": {
    "50%": 54.55744431418523,
    "68%": 72.2010550996483,
    "80%": 81.78487690504103,
    "90%": 90.02051582649473,
    "95%": 93.65474794841735
  }
}