{
  "calibration_method": "K-fold validation (all folds)",
  "calibration_factor_from_kfold": 1.547650014780197,
  "calibration_factor_from_test": 1.520187883782441,
  "recommended_for_production": 1.547650014780197,
  "kfold_validation_samples": 27292,
  "test_set_size": 6824,
  "final_test_metrics": {
    "RMSE_log": 0.2424305857699072,
    "MAE_log": 0.16931464056741943,
    "R2_log": 0.9584962951837539,
    "MAE_price": 51098.14428085277,
    "RMSE_price": 453872.7400694803,
    "R2_price": 0.6536407770167171,
    "MedAPE": 12.131076082334024,
    "Mean_sigma_log": 0.22467094511150204,
    "Median_sigma_log": 0.21427271732400296,
    "Coverage_90pct_%": 90.44548651817117
  }
}